aX,aY,aZ,gX,gY,gZ
-0.982,-0.205,1.365,-48.157,12.207,-212.83
-0.915,-0.196,1.279,-65.918,6.836,-288.147
-0.821,-0.221,1.188,-89.233,5.981,-356.873
-0.8,-0.234,1.15,-109.436,8.362,-406.921
-0.83,-0.274,1.022,-115.723,16.052,-452.454
-0.832,-0.283,0.843,-102.051,34.363,-504.15
-0.706,-0.275,0.808,-100.098,57.373,-549.622
-0.514,-0.49,0.686,-116.272,67.139,-584.595
-0.126,-0.75,0.666,-132.874,50.598,-610.779
0.088,-0.786,0.682,-147.156,10.925,-627.502
0.215,-0.788,0.667,-158.203,-32.288,-625.305
0.287,-0.86,0.587,-157.532,-63.049,-601.196
0.453,-0.996,0.553,-139.893,-81.299,-564.209
0.594,-1.035,0.594,-108.215,-95.276,-514.221
0.658,-1.036,0.676,-69.275,-97.534,-450.806
0.665,-1.079,0.735,-25.757,-79.163,-374.023
0.762,-1.139,0.805,18.86,-46.753,-288.513
0.922,-1.222,0.938,57.312,-19.043,-198.547
0.981,-1.275,1.058,80.75,-8.789,-108.154
0.913,-1.34,1.118,89.355,-15.076,-17.883
0.826,-1.385,1.11,95.703,-25.696,68.481
0.682,-1.26,1.038,104.797,-36.133,149.109
0.424,-1.102,0.94,110.291,-45.044,224.365
0.31,-0.969,0.832,109.558,-45.166,283.02
0.245,-0.841,0.717,110.657,-45.288,323.914
0.22,-0.75,0.59,122.925,-62.927,353.638
0.155,-0.713,0.499,140.503,-100.098,381.897
0.074,-0.799,0.524,148.682,-144.104,414.795
-0.005,-0.955,0.656,141.418,-184.021,454.834
-0.203,-1.003,0.703,122.803,-209.839,502.136
-0.457,-1.01,0.779,103.149,-207.458,553.284
-0.676,-1.031,0.924,92.285,-164.49,595.947
-0.827,-1.012,1.075,98.999,-96.558,612.427
-0.898,-0.948,1.185,117.31,-29.297,596.252
-0.947,-0.841,1.263,131.042,15.808,554.138
-0.958,-0.723,1.279,135.193,31.433,498.352
-0.979,-0.596,1.269,131.958,21.24,436.34
-1.035,-0.463,1.259,117.981,3.479,368.652
-1.007,-0.313,1.245,89.233,-16.785,295.349
-0.992,-0.213,1.199,48.828,-46.204,209.961
-0.845,-0.142,1.108,5.127,-72.754,127.563
-0.892,-0.188,1.085,-34.607,-86.182,50.171
-0.736,-0.179,1.001,-59.265,-85.876,-6.775
-0.768,-0.252,0.989,-70.557,-76.782,-58.105
-0.715,-0.269,1.057,-76.599,-70.129,-84.045
-0.65,-0.311,1.079,-78.125,-60.73,-90.149
-0.697,-0.356,1.12,-70.862,-43.274,-103.638
-0.721,-0.316,1.135,-52.246,-13.855,-127.625
-0.791,-0.299,1.178,-41.626,17.456,-157.41
-0.833,-0.295,1.204,-44.739,43.518,-182.922
-0.896,-0.293,1.226,-56.396,67.627,-213.379
-0.947,-0.308,1.218,-71.716,92.102,-259.216
-0.959,-0.338,1.114,-85.693,116.089,-321.533
-0.989,-0.343,0.93,-94.727,128.906,-392.578
-0.929,-0.319,0.782,-103.088,125.427,-455.261
-0.881,-0.37,0.671,-115.906,119.141,-512.207
-0.81,-0.466,0.498,-117.981,119.873,-569.031
-0.666,-0.713,0.405,-108.704,122.437,-614.868
-0.276,-1.03,0.521,-98.755,111.328,-632.08
-0.008,-1.16,0.696,-91.858,73.853,-621.765
0.171,-1.227,0.895,-86.792,33.386,-587.891
0.279,-1.259,1.023,-83.862,21.24,-528.809
0.374,-1.356,1.009,-73.364,40.344,-456.848
0.469,-1.313,0.98,-54.504,68.726,-381.042
0.577,-1.209,0.893,-38.269,98.999,-303.894
0.574,-1.083,0.789,-22.339,122.009,-227.112
0.524,-0.944,0.721,-0.427,120.178,-161.011
0.43,-0.827,0.697,18.677,99.854,-109.253
0.318,-0.751,0.703,30.64,72.815,-70.129
0.235,-0.711,0.716,37.598,47.302,-42.725
0.226,-0.682,0.755,44.678,27.832,-25.085
0.263,-0.658,0.791,50.476,13.123,-9.705
0.343,-0.656,0.843,53.101,2.197,10.62
0.402,-0.635,0.899,54.016,-5.737,39.429
0.402,-0.606,0.939,54.077,-12.146,77.454
0.361,-0.573,0.912,58.533,-17.517,118.286
0.309,-0.526,0.879,67.2,-22.217,154.602
0.219,-0.491,0.834,76.477,-27.283,183.96
0.09,-0.462,0.802,88.44,-35.522,204.956
-0.059,-0.435,0.81,101.807,-44.861,216.003
-0.186,-0.416,0.866,112.976,-46.57,218.689
-0.272,-0.43,0.962,118.835,-36.926,213.44
-0.323,-0.444,1.098,117.981,-19.958,200.073
-0.317,-0.433,1.214,104.919,0.244,180.542
-0.218,-0.419,1.28,77.209,16.541,159.119
-0.193,-0.42,1.258,44.861,18.677,134.46
-0.041,-0.367,1.192,6.226,15.808,117.798
-0.006,-0.357,1.103,-24.414,-3.662,98.022
0.013,-0.321,1.024,-43.579,-35.828,85.51
-0.002,-0.297,0.927,-58.167,-64.453,87.524
0.086,-0.287,0.874,-68.481,-80.017,96.069
0.01,-0.313,0.809,-60.547,-105.469,97.534
-0.031,-0.345,0.745,-46.143,-129.883,99.487
-0.033,-0.359,0.717,-31.738,-137.329,106.506
0.018,-0.344,0.727,-17.212,-130.615,121.887
-0.048,-0.373,0.781,2.441,-125.854,141.052
-0.184,-0.406,0.908,25.024,-115.784,160.217
-0.319,-0.395,1.049,45.593,-82.275,173.157
-0.335,-0.366,1.124,61.584,-21.729,177.429
-0.286,-0.35,1.147,67.749,41.26,174.988
-0.238,-0.343,1.117,62.988,75.195,168.274
-0.203,-0.326,1.064,44.067,77.332,155.457
-0.186,-0.296,1.013,17.09,55.359,136.169
-0.19,-0.275,0.966,-12.268,21.179,111.633
-0.184,-0.276,0.929,-39.368,-13.55,83.923
-0.157,-0.277,0.88,-57.861,-43.091,56.946
-0.122,-0.287,0.832,-64.819,-65.857,33.997
-0.106,-0.298,0.811,-59.631,-81.299,16.113
-0.131,-0.293,0.854,-44.983,-88.013,3.357
-0.161,-0.27,0.916,-27.954,-81.848,-4.761
-0.15,-0.234,0.958,-14.587,-62.073,-9.033
-0.116,-0.217,0.961,-7.385,-35.4,-9.399
-0.091,-0.235,0.942,-4.272,-10.315,-5.676
-0.065,-0.261,0.924,0.183,7.08,0.916
-0.031,-0.29,0.916,7.324,16.479,9.033
-0.018,-0.292,0.918,13.916,16.785,16.418
-0.04,-0.282,0.911,16.663,8.423,21.545
-0.082,-0.284,0.909,15.137,-2.014,23.376
-0.114,-0.293,0.913,12.146,-8.24,21.606
0.876,-1.146,0.804,7.385,40.344,-380.188
0.929,-1.216,0.856,5.798,31.25,-318.054
0.895,-1.26,0.863,-2.869,20.02,-257.141
0.789,-1.302,0.795,-18.372,5.371,-200.5
0.646,-1.32,0.685,-28.015,-10.62,-154.114
0.552,-1.315,0.625,-34.302,-23.499,-116.028
0.524,-1.286,0.591,-34.851,-34.18,-81.543
0.57,-1.24,0.584,-30.09,-41.931,-46.753
0.68,-1.19,0.594,-21.423,-47.913,-5.676
0.773,-1.09,0.612,-8.423,-56.213,48.706
0.761,-1.022,0.606,6.287,-70.007,118.896
0.735,-1.03,0.639,22.034,-81.848,202.942
0.639,-1.034,0.678,40.466,-84.29,287.048
0.483,-1.001,0.703,58.35,-84.167,359.68
0.322,-0.986,0.72,74.036,-89.355,415.161
0.19,-0.999,0.727,86.792,-103.394,452.209
-0.008,-0.939,0.691,98.816,-130.188,474.243
-0.195,-0.866,0.6,109.253,-166.077,492.798
-0.386,-0.853,0.495,123.169,-202.332,511.902
-0.536,-0.881,0.529,142.822,-225.403,530.334
-0.702,-0.928,0.675,156.921,-235.962,544.312
-0.908,-0.904,0.853,161.438,-231.995,550.171
-1.065,-0.866,1.143,152.283,-201.843,548.462
-1.173,-0.79,1.436,131.897,-148.01,538.269
-1.221,-0.712,1.58,99.365,-88.013,517.578
-1.29,-0.666,1.673,53.955,-38.757,478.882
-1.355,-0.58,1.669,5.981,-18.127,412.842
-1.386,-0.438,1.58,-35.461,-13.245,335.999
-1.344,-0.337,1.504,-71.838,-18.738,258.057
-1.28,-0.312,1.326,-97.595,-37.476,177.917
-1.172,-0.256,1.16,-101.257,-58.472,95.886
-1.021,-0.215,1.049,-98.206,-74.097,22.156
-0.879,-0.196,0.979,-93.506,-84.229,-36.194
-0.758,-0.177,0.922,-84.473,-87.28,-78.735
-0.634,-0.17,0.9,-73.364,-80.994,-102.966
-0.538,-0.184,0.895,-60.608,-63.782,-111.206
-0.509,-0.207,0.936,-45.776,-36.194,-108.521
-0.51,-0.237,0.987,-29.785,-1.709,-102.783
-0.548,-0.261,1.066,-16.846,38.025,-101.379
-0.603,-0.298,1.132,-8.057,79.285,-110.107
-0.634,-0.302,1.115,-1.099,114.685,-132.751
-0.697,-0.24,1.069,1.221,135.681,-165.1
-0.732,-0.159,1.045,-8.423,133.972,-205.872
-0.735,-0.122,0.978,-33.691,115.601,-258.728
-0.728,-0.123,0.883,-66.101,92.285,-315.247
-0.742,-0.154,0.841,-93.994,70.007,-366.821
-0.782,-0.273,0.776,-107.727,54.871,-417.358
-0.835,-0.389,0.625,-100.342,57.007,-473.328
-0.815,-0.446,0.537,-83.923,82.275,-525.757
-0.78,-0.552,0.467,-71.96,113.098,-559.387
-0.688,-0.771,0.427,-61.218,136.78,-572.998
-0.397,-1.115,0.532,-49.805,149.902,-571.472
0.013,-1.279,0.801,-45.227,142.151,-558.533
0.246,-1.298,0.985,-51.453,127.441,-538.452
0.46,-1.367,1.084,-67.261,115.723,-503.784
0.626,-1.422,1.169,-86.304,92.285,-459.167
0.676,-1.346,1.124,-108.154,48.462,-422.424
0.67,-1.261,1.023,-125.122,2.625,-379.639
0.67,-1.197,0.921,-125.366,-21.179,-325.012
0.623,-1.088,0.782,-98.328,-27.283,-262.573
0.54,-0.969,0.7,-55.603,-17.334,-193.298
0.51,-0.914,0.695,-14.954,2.502,-122.375
0.515,-0.902,0.746,19.47,16.052,-53.833
0.492,-0.885,0.788,46.448,16.907,10.071
0.506,-0.844,0.82,66.956,13.733,72.021
0.426,-0.752,0.847,80.933,11.963,133.24
0.304,-0.674,0.857,91.309,12.512,191.895
0.231,-0.613,0.871,99.854,17.334,238.403
0.191,-0.562,0.891,107.544,22.095,269.104
0.155,-0.516,0.86,117.126,18.738,288.086
0.15,-0.501,0.839,127.625,9.277,302.246
0.15,-0.499,0.819,139.832,-4.211,316.406
0.095,-0.512,0.784,153.564,-23.804,331.36
0.092,-0.547,0.774,163.757,-44.189,344.91
0.116,-0.642,0.825,170.959,-69.031,355.469
0.057,-0.667,0.867,171.875,-102.051,365.601
-0.006,-0.671,0.891,151.245,-136.475,379.272
-0.125,-0.642,0.88,115.845,-174.377,396.484
-0.262,-0.609,0.846,78.979,-212.097,410.156
-0.374,-0.563,0.808,49.622,-232.239,413.208
-0.499,-0.546,0.886,31.616,-228.21,401.184
-0.573,-0.496,0.954,29.663,-210.083,374.695
-0.623,-0.43,1.076,30.029,-169.067,344.177
-0.603,-0.403,1.136,30.762,-111.694,316.162
-0.566,-0.37,1.16,35.828,-52.612,284.363
-0.517,-0.33,1.148,39.612,-8.179,246.582
-0.45,-0.302,1.137,32.41,12.451,206.238
-0.387,-0.291,1.114,14.648,10.132,166.26
-0.343,-0.269,1.094,-6.836,-9.277,129.028
-0.324,-0.251,1.044,-26.489,-35.767,95.886
-0.301,-0.251,0.99,-39.368,-54.626,67.078
-0.279,-0.259,0.943,-44.189,-58.594,44.006
-0.252,-0.278,0.903,-40.405,-49.683,25.085
-0.204,-0.291,0.876,-30.762,-34.912,9.094
-0.165,-0.292,0.855,-20.508,-22.278,-3.113
-0.126,-0.3,0.843,-13,-16.907,-10.681
-0.094,-0.329,0.837,-6.714,-17.639,-16.418
-0.062,-0.361,0.845,-2.136,-21.79,-21.79
-0.037,-0.384,0.875,1.282,-27.832,-25.94
-0.025,-0.392,0.907,1.587,-34.485,-28.198
-0.016,-0.393,0.936,0.183,-39.368,-27.588
-0.034,-0.386,0.961,-1.709,-40.649,-23.315
-0.048,-0.381,0.969,-2.625,-35.461,-16.724
-0.058,-0.384,0.961,-2.808,-23.621,-11.169
-0.069,-0.383,0.945,-2.014,-10.742,-7.507
-0.079,-0.376,0.917,0.366,-1.526,-4.944
-0.09,-0.37,0.896,3.357,4.333,-4.456
-0.102,-0.377,0.88,5.737,7.935,-6.714
-0.087,-0.4,0.88,8.423,9.399,-10.498
-0.046,-0.423,0.895,10.681,7.019,-14.893
-0.022,-0.436,0.912,10.925,0.732,-17.517
-0.005,-0.444,0.932,8.789,-6.042,-17.395
0.002,-0.444,0.945,5.676,-10.559,-15.198
0.002,-0.444,0.952,3.479,-11.169,-11.963
0.002,-0.442,0.956,2.258,-7.812,-8.057
0.002,-0.441,0.952,2.014,-2.869,-3.601
-0.01,-0.442,0.96,1.709,0.977,0.366
-0.042,-0.435,0.985,1.038,3.174,2.441
-0.064,-0.422,0.999,-0.549,6.47,0.977
-1.081,-0.091,1.354,-103.394,144.714,-200.256
-1.144,-0.011,1.287,-112.976,176.758,-276.306
-1.13,0.013,1.179,-136.292,198.181,-345.215
-1.079,-0.054,1.036,-172.485,193.726,-401.428
-1.026,-0.176,0.931,-208.862,175.659,-453.125
-0.92,-0.304,0.831,-234.619,155.579,-502.869
-0.79,-0.435,0.713,-248.474,136.414,-545.898
-0.652,-0.609,0.6,-244.385,117.798,-574.036
-0.515,-0.75,0.439,-211.914,94.849,-590.82
-0.304,-0.8,0.32,-168.579,82.581,-604.431
0.026,-1.002,0.296,-123.413,75.073,-609.985
0.585,-1.176,0.576,-81.421,41.321,-588.196
0.845,-1.232,0.829,-50.232,-12.695,-540.161
0.935,-1.341,0.985,-21.851,-42.542,-462.463
0.918,-1.412,1.034,-0.549,-25.574,-363.22
0.862,-1.355,1.049,22.217,12.756,-272.339
0.692,-1.24,1.024,28.503,36.133,-196.655
0.487,-1.136,0.96,16.541,35.4,-135.254
0.311,-1.032,0.845,1.648,23.682,-93.445
0.211,-0.926,0.737,-7.202,12.939,-67.688
0.192,-0.848,0.634,-10.62,6.348,-48.34
0.232,-0.785,0.576,-8.972,0.671,-29.114
0.304,-0.746,0.545,-5.127,-7.996,-6.775
0.36,-0.721,0.557,7.263,-19.836,22.766
0.458,-0.698,0.615,29.846,-24.536,59.143
0.563,-0.705,0.7,54.749,-19.287,103.027
0.621,-0.711,0.759,76.782,-13.794,155.151
0.617,-0.71,0.771,94.604,-13.794,210.388
0.562,-0.688,0.741,110.718,-20.325,263.55
0.507,-0.67,0.678,124.146,-32.043,310.608
0.398,-0.645,0.613,138.55,-51.27,350.464
0.276,-0.632,0.555,159.851,-76.599,382.751
0.115,-0.633,0.487,186.89,-99.976,406.677
0.042,-0.638,0.504,215.942,-112,421.692
-0.023,-0.711,0.567,247.375,-130.859,425.415
-0.061,-0.764,0.674,260.681,-160.034,421.265
-0.134,-0.773,0.788,248.596,-194.702,418.274
-0.305,-0.761,0.844,220.642,-236.389,421.204
-0.419,-0.744,0.916,184.143,-279.602,424.133
-0.608,-0.701,0.956,144.836,-307.739,415.466
-0.695,-0.686,1.056,119.141,-300.476,392.822
-0.809,-0.661,1.148,107.3,-265.747,352.722
-0.821,-0.576,1.274,98.328,-210.144,313.599
-0.795,-0.481,1.369,83.191,-150.513,282.104
-0.763,-0.435,1.411,62.683,-93.201,257.202
-0.71,-0.445,1.404,38.147,-48.889,234.314
-0.673,-0.479,1.384,13.611,-24.17,205.688
-0.669,-0.487,1.335,-6.653,-18.066,167.786
-0.705,-0.452,1.298,-21.545,-23.621,118.591
-0.752,-0.383,1.279,-39.429,-32.104,64.636
-0.769,-0.357,1.259,-61.157,-40.955,12.39
-0.773,-0.379,1.261,-81.177,-43.945,-40.283
-0.778,-0.395,1.242,-91.675,-36.438,-97.351
-0.753,-0.388,1.228,-96.252,-14.893,-152.283
-0.704,-0.365,1.184,-103.21,16.235,-199.28
-0.635,-0.368,1.104,-110.413,45.471,-234.192
-0.585,-0.39,1.071,-117.798,66.772,-257.996
-0.615,-0.36,1.045,-122.62,82.275,-277.71
-0.62,-0.304,1.013,-127.563,100.891,-297.546
-0.606,-0.305,0.922,-135.986,120.483,-319.458
-0.643,-0.326,0.818,-138.184,133.545,-345.459
-0.661,-0.325,0.747,-129.211,142.456,-378.235
-0.678,-0.34,0.7,-120.361,154.724,-415.833
-0.651,-0.424,0.622,-118.408,172.546,-449.89
-0.613,-0.568,0.475,-116.638,187.622,-473.755
-0.473,-0.722,0.373,-97.168,185.852,-492.493
-0.19,-0.734,0.39,-66.223,174.683,-505.432
0.12,-0.815,0.456,-43.274,165.405,-502.075
0.426,-0.979,0.651,-29.846,140.991,-475.159
0.597,-1.049,0.93,-28.442,97.961,-435.486
0.662,-1.105,1.138,-39.246,61.523,-389.709
0.573,-1.117,1.245,-53.528,47.729,-334.473
0.548,-1.1,1.236,-67.871,63.599,-275.085
0.578,-1.017,1.16,-86.365,85.083,-224.06
0.54,-0.876,1.016,-101.99,75.745,-180.847
0.416,-0.729,0.83,-106.445,42.664,-139.465
0.268,-0.62,0.669,-92.346,19.897,-100.464
0.153,-0.541,0.553,-59.509,17.7,-66.101
0.096,-0.477,0.501,-19.165,20.752,-37.537
0.101,-0.448,0.505,16.235,15.991,-16.846
0.122,-0.466,0.523,40.771,0.61,-0.061
0.17,-0.526,0.573,63.171,-17.578,16.724
0.296,-0.585,0.651,86.914,-27.283,36.865
0.447,-0.642,0.732,106.14,-28.564,68.176
0.553,-0.69,0.799,122.192,-27.771,111.084
0.524,-0.729,0.846,138,-30.579,160.828
0.383,-0.752,0.842,158.936,-28.564,209.778
0.281,-0.75,0.837,183.533,-9.46,245.667
0.234,-0.729,0.866,203.491,12.817,264.282
0.186,-0.694,0.883,213.867,16.113,274.109
0.151,-0.659,0.894,212.219,0.183,279.663
0.135,-0.625,0.883,200.867,-23.743,280.212
0.124,-0.602,0.859,185.181,-51.331,278.198
0.152,-0.622,0.833,167.908,-82.703,276.855
0.205,-0.675,0.827,149.109,-118.103,279.968
0.283,-0.733,0.879,125.305,-152.588,290.527
0.252,-0.841,0.953,92.712,-191.772,297.852
0.132,-0.811,0.958,51.758,-238.708,303.162
-0.013,-0.73,0.874,8.484,-278.442,311.646
-0.138,-0.655,0.78,-25.513,-306.824,319.702
-0.276,-0.587,0.707,-42.236,-321.106,320.312
-0.375,-0.519,0.699,-38.452,-307.495,314.819
-0.452,-0.473,0.749,-24.231,-264.038,303.772
-0.472,-0.473,0.807,0.122,-199.768,287.781
-0.428,-0.455,0.899,27.222,-130.798,269.47
-0.373,-0.422,0.976,43.762,-75.928,249.39
-0.34,-0.404,1.042,46.509,-45.044,228.271
-0.311,-0.376,1.093,35.034,-34.851,208.313
-0.319,-0.354,1.126,14.282,-34.912,187.561
-0.326,-0.34,1.148,-9.155,-34.79,164.368
-0.333,-0.32,1.153,-29.907,-30.029,138.55
-0.34,-0.332,1.122,-44.373,-22.4,109.863
-0.332,-0.327,1.063,-52.734,-15.137,77.759
-0.334,-0.299,0.999,-53.406,-13.977,41.504
-0.245,-0.281,0.908,-53.65,-16.296,9.827
-0.229,-0.318,0.857,-54.382,-19.836,-22.522
-0.195,-0.325,0.83,-47.119,-26.672,-49.561
-0.128,-0.327,0.832,-39.612,-31.982,-60.181
-0.077,-0.396,0.857,-33.936,-31.616,-62.378
0.762,-1.395,1.289,-151.245,-66.162,-551.697
0.856,-1.533,1.218,-123.413,-36.011,-452.698
1.005,-1.537,1.15,-79.346,42.542,-339.233
0.97,-1.387,1.021,-40.1,91.736,-227.112
0.714,-1.162,0.84,-21.79,96.252,-123.23
0.396,-0.945,0.631,-10.742,85.205,-40.222
0.126,-0.757,0.485,7.874,75.439,10.803
-0.03,-0.696,0.385,20.691,62.805,37.109
-0.063,-0.736,0.34,23.254,40.955,44.25
-0.036,-0.797,0.353,28.442,12.024,40.588
0.094,-0.869,0.42,39.063,-14.587,39.795
0.276,-0.932,0.486,53.223,-32.654,49.561
0.45,-0.949,0.55,67.444,-45.41,74.829
0.573,-0.949,0.605,81.177,-55.908,116.699
0.651,-0.941,0.646,92.285,-64.27,170.837
0.66,-0.928,0.677,103.882,-74.646,228.088
0.586,-0.895,0.62,120.667,-91.553,282.715
0.495,-0.893,0.609,137.817,-109.009,332.275
0.418,-0.901,0.626,157.471,-129.517,379.822
0.265,-0.957,0.645,176.025,-155.945,418.152
0.086,-1.012,0.667,184.204,-181.274,444.702
-0.068,-0.959,0.699,172.607,-208.313,458.862
-0.27,-0.869,0.735,146.24,-236.938,470.032
-0.418,-0.827,0.802,109.009,-255.249,484.07
-0.486,-0.836,0.893,67.017,-254.333,491.882
-0.541,-0.804,0.996,33.752,-238.22,486.572
-0.589,-0.775,1.101,10.62,-213.074,468.079
-0.689,-0.744,1.159,-7.019,-181.519,439.209
-0.672,-0.673,1.14,-15.076,-145.752,399.048
-0.729,-0.569,1.132,-11.597,-111.938,336.67
-0.735,-0.43,1.123,-10.925,-89.905,279.541
-0.671,-0.347,1.106,-23.437,-81.299,239.197
-0.643,-0.319,1.057,-40.955,-84.045,203.491
-0.601,-0.311,1.017,-53.711,-91.003,170.349
-0.576,-0.281,0.991,-58.716,-96.924,142.456
-0.555,-0.252,0.977,-58.472,-98.694,117.737
-0.541,-0.242,0.997,-53.772,-93.628,96.252
-0.529,-0.235,1.024,-44.617,-83.984,78.979
-0.574,-0.21,1.069,-33.447,-71.96,63.171
-0.665,-0.191,1.16,-22.766,-54.871,48.218
-0.77,-0.169,1.282,-14.526,-29.358,29.48
-0.819,-0.152,1.312,-9.094,5.493,-0.427
-0.827,-0.134,1.287,-13.611,42.603,-38.269
-0.897,-0.133,1.251,-25.269,66.101,-79.163
-0.917,-0.108,1.211,-37.659,71.594,-122.437
-0.85,-0.099,1.128,-50.659,67.871,-176.636
-0.793,-0.094,1.068,-67.017,55.664,-232.483
-0.771,-0.089,1.023,-84.229,34.546,-278.687
-0.749,-0.116,1.001,-94.788,20.813,-315.918
-0.74,-0.151,0.965,-93.567,27.588,-352.234
-0.741,-0.182,0.932,-84.106,54.077,-384.399
-0.682,-0.284,0.882,-69.214,88.989,-408.386
-0.484,-0.475,0.874,-55.969,117.554,-422.18
-0.233,-0.641,0.955,-55.115,129.028,-423.34
-0.115,-0.739,1.058,-66.406,124.329,-414.795
-0.087,-0.803,1.016,-78.247,121.643,-401.978
-0.096,-0.869,0.909,-90.027,133.85,-388.672
-0.044,-0.87,0.726,-88.745,149.597,-380.188
0.008,-0.798,0.585,-73.425,153.748,-373.413
0.079,-0.747,0.505,-55.054,146.606,-364.258
0.089,-0.703,0.455,-37.476,127.38,-356.14
0.15,-0.659,0.463,-18.555,97.839,-349.609
0.182,-0.626,0.561,-7.874,58.655,-338.196
0.158,-0.637,0.66,-3.54,17.029,-319.702
0.18,-0.702,0.709,3.723,-8.301,-294.739
0.373,-0.808,0.793,21.179,-19.165,-267.822
0.583,-0.859,0.951,37.72,-25.452,-228.943
0.725,-0.942,1.096,48.462,-30.151,-174.255
0.816,-1.029,1.182,51.758,-27.466,-103.088
0.79,-1.035,1.167,48.706,-13.489,-24.841
0.683,-0.967,1.091,40.466,8.545,50.354
0.51,-0.863,0.989,28.015,27.405,113.77
0.34,-0.746,0.84,20.691,34.485,155.945
0.242,-0.63,0.707,21.423,30.762,177.185
0.179,-0.516,0.605,29.968,15.564,184.509
0.165,-0.443,0.557,41.321,-7.751,185.181
0.25,-0.453,0.579,51.392,-32.043,185.669
0.379,-0.488,0.614,61.218,-56.824,193.604
0.438,-0.524,0.668,72.021,-83.008,213.562
0.434,-0.587,0.707,78.003,-105.286,246.643
0.388,-0.646,0.729,82.031,-123.352,287.72
0.306,-0.743,0.771,86.365,-139.526,326.05
0.15,-0.715,0.768,88.928,-158.325,357.3
-0.038,-0.676,0.674,94.116,-180.725,374.573
-0.229,-0.597,0.603,100.098,-203.308,382.629
-0.36,-0.532,0.598,102.173,-219.604,385.559
-0.443,-0.505,0.639,98.145,-218.018,377.258
-0.472,-0.519,0.732,91.492,-199.829,362.061
-0.459,-0.543,0.853,84.9,-173.95,343.018
-0.427,-0.602,0.976,81.97,-148.56,322.388
-0.408,-0.622,1.076,80.627,-127.747,299.988
-0.426,-0.552,1.179,72.754,-113.831,279.785
-0.499,-0.482,1.237,54.504,-104.675,259.949
-0.528,-0.43,1.244,32.043,-92.163,238.464
-0.547,-0.395,1.214,11.841,-73.303,210.999
-0.56,-0.374,1.164,-5.92,-52.002,179.321
-0.557,-0.364,1.093,-18.982,-35.645,148.193
-0.534,-0.357,1.025,-26.489,-26.489,119.263
-0.496,-0.353,0.98,-30.823,-22.156,92.529
-0.451,-0.375,0.937,-30.334,-19.897,67.993
-0.397,-0.393,0.913,-24.109,-19.531,46.204
-0.276,-0.407,0.909,-18.433,-20.081,28.564
-0.263,-0.415,0.921,-15.564,-25.391,7.446
-0.206,-0.389,0.944,-14.465,-33.386,0.488
-0.16,-0.383,0.957,-19.775,-38.269,2.014
-0.161,-0.385,0.942,-24.597,-36.926,3.479
-0.159,-0.382,0.926,-24.78,-28.381,4.517
-0.165,-0.37,0.905,-21.179,-16.296,4.883
-0.167,-0.373,0.889,-15.442,-5.798,5.432
-0.177,-0.37,0.86,-8.24,0.977,5.432
-0.189,-0.358,0.852,-0.61,6.714,2.686
-0.198,-0.354,0.855,7.385,10.376,-4.089
-0.188,-0.375,0.87,13,11.841,-12.939
-0.157,-0.414,0.891,14.954,10.62,-23.132
-0.115,-0.461,0.92,13.184,5.798,-31.555
-0.042,-0.479,0.946,6.958,-1.953,-33.936
-0.02,-0.498,0.958,-1.526,-10.254,-33.936
-0.015,-0.497,0.95,-7.996,-14.771,-32.227
-0.005,-0.489,0.937,-12.268,-13.123,-25.085
0.549,-1.245,0.752,80.322,-20.874,85.571
0.548,-1.172,0.763,82.947,-21.24,137.756
0.501,-1.097,0.735,81.543,-22.339,189.636
0.435,-1.019,0.689,82.886,-28.931,238.22
0.348,-0.923,0.638,85.205,-42.725,276.978
0.252,-0.821,0.604,85.571,-60.303,309.57
0.165,-0.758,0.577,86.365,-79.163,337.097
0.125,-0.743,0.584,89.844,-98.145,359.985
0.108,-0.762,0.608,93.506,-118.469,379.578
0.06,-0.799,0.64,90.393,-136.963,400.635
0.004,-0.86,0.675,82.825,-151.672,425.049
-0.065,-0.973,0.747,74.097,-163.147,441.467
-0.089,-0.991,0.792,68.787,-177.429,441.589
-0.125,-0.936,0.79,60.913,-204.102,432.739
-0.252,-0.86,0.744,40.527,-239.868,426.331
-0.444,-0.748,0.666,20.264,-275.696,425.049
-0.592,-0.639,0.634,4.456,-294.25,424.072
-0.649,-0.589,0.67,-5.554,-282.776,419.739
-0.67,-0.542,0.739,-5.981,-252.136,410.706
-0.728,-0.515,0.831,-5.127,-221.008,397.766
-0.763,-0.544,0.927,-3.418,-184.265,385.254
-0.758,-0.522,1.032,3.174,-149.78,370.3
-0.793,-0.495,1.088,10.681,-125.732,339.233
-0.809,-0.397,1.098,17.151,-106.201,288.33
-0.833,-0.349,1.137,19.287,-82.336,226.501
-0.831,-0.285,1.163,15.991,-59.021,168.823
-0.789,-0.261,1.174,10.071,-40.283,119.446
-0.749,-0.283,1.159,0,-26.794,76.355
-0.689,-0.315,1.115,-6.592,-16.907,39.917
-0.632,-0.33,1.073,-8.179,-8.911,9.521
-0.602,-0.327,1.062,-7.568,-4.028,-16.052
-0.628,-0.329,1.105,-6.409,-0.488,-38.391
-0.696,-0.336,1.216,-5.493,7.019,-62.317
-0.723,-0.318,1.3,-8.423,24.109,-94.543
-0.713,-0.34,1.309,-22.461,51.331,-134.521
-0.763,-0.371,1.32,-42.664,77.332,-176.941
-0.768,-0.365,1.283,-61.768,93.018,-223.938
-0.73,-0.367,1.14,-80.078,107.361,-276.978
-0.74,-0.369,0.982,-95.032,122.62,-325.989
-0.721,-0.371,0.877,-102.112,128.906,-367.371
-0.683,-0.387,0.726,-98.694,131.653,-413.94
-0.601,-0.394,0.615,-87.402,138.245,-459.595
-0.448,-0.556,0.625,-82.581,141.357,-487.488
-0.264,-0.72,0.708,-84.656,130.798,-499.756
-0.11,-0.821,0.756,-92.407,115.845,-497.742
-0.047,-0.92,0.781,-101.44,109.924,-478.21
-0.017,-1.014,0.713,-100.037,115.723,-450.5
0.061,-1.062,0.645,-83.74,125.854,-424.438
0.203,-1.035,0.587,-62.622,139.709,-397.949
0.337,-1.013,0.473,-41.87,147.705,-366.516
0.437,-0.989,0.453,-20.264,135.193,-332.031
0.568,-0.969,0.503,-2.197,96.863,-296.509
0.547,-0.923,0.599,9.216,41.016,-258.667
0.519,-0.933,0.679,19.348,-3.845,-212.158
0.568,-1.019,0.774,29.602,-26.123,-158.691
0.644,-1.105,0.867,43.884,-32.41,-101.99
0.701,-1.124,0.931,58.228,-30.457,-42.175
0.693,-1.116,0.941,63.721,-26.367,21.362
0.569,-1.073,0.89,61.096,-25.94,88.318
0.461,-1.031,0.834,59.265,-30.762,150.146
0.391,-0.978,0.798,58.96,-34.607,202.881
0.317,-0.915,0.717,61.646,-38.391,243.042
0.253,-0.839,0.649,67.871,-48.584,273.437
0.212,-0.797,0.624,75.378,-69.519,297.119
0.168,-0.755,0.615,77.576,-99.426,316.65
0.128,-0.749,0.62,70.435,-134.094,335.51
0.098,-0.829,0.637,57.251,-169.373,355.042
0.072,-0.922,0.633,49.5,-205.811,376.038
-0.008,-0.942,0.63,44.495,-240.662,395.996
-0.162,-0.906,0.644,38.086,-267.212,414.795
-0.321,-0.855,0.676,34.851,-269.226,431.519
-0.495,-0.837,0.744,47.485,-233.765,439.27
-0.599,-0.767,0.845,76.904,-164.185,438.843
-0.594,-0.678,0.979,103.76,-84.595,434.143
-0.579,-0.583,1.068,115.845,-26.428,419.312
-0.566,-0.52,1.116,106.75,-1.709,388.916
-0.577,-0.476,1.127,80.872,-3.54,343.872
-0.609,-0.427,1.099,48.035,-19.775,287.659
-0.612,-0.407,1.057,14.587,-40.039,229.858
-0.546,-0.454,1.031,-14.282,-62.988,174.805
-0.501,-0.451,1.041,-39.063,-87.646,125.854
-0.483,-0.43,1.037,-55.237,-106.812,85.51
-0.444,-0.446,1.014,-59.204,-108.887,55.786
-0.392,-0.446,0.981,-47.485,-92.957,32.532
-0.327,-0.439,0.94,-29.968,-67.261,16.602
-0.249,-0.417,0.905,-14.282,-43.335,5.432
-0.208,-0.407,0.918,-6.165,-28.381,-4.089
-0.194,-0.42,0.907,-4.578,-21.057,-8.301
-0.173,-0.44,0.908,-7.629,-15.747,-7.996
-0.176,-0.452,0.892,-11.597,-11.658,-10.01
-0.176,-0.46,0.892,-13.55,-9.644,-15.259
-0.17,-0.455,0.891,-15.869,-10.742,-21.484
-0.149,-0.461,0.878,-20.325,-12.634,-26.428
-0.118,-0.468,0.862,-24.719,-14.038,-28.809
-0.092,-0.473,0.857,-25.024,-13.977,-31.128
-0.072,-0.476,0.854,-21.545,-10.315,-33.203
-0.027,-0.499,0.844,-14.709,-4.15,-34.241
0.034,-0.526,0.843,-7.324,2.747,-33.813
0.08,-0.549,0.842,-2.258,6.775,-29.663
0.111,-0.57,0.847,0.427,7.69,-21.057
0.114,-0.571,0.862,1.77,7.568,-10.681
0.095,-0.561,0.874,1.465,7.08,-1.77
0.08,-0.553,0.89,-0.244,7.629,4.761
0.061,-0.536,0.898,-3.784,6.897,8.423
0.039,-0.521,0.9,-8.24,4.639,8.606
0.024,-0.512,0.893,-12.451,3.235,6.714
0.018,-0.499,0.876,-13.977,2.38,3.967
0.015,-0.482,0.863,-12.756,1.709,1.221
0.011,-0.477,0.858,-11.108,1.465,-0.793
0.014,-0.475,0.859,-9.216,1.465,-1.831
0.017,-0.471,0.867,-6.104,0.977,-2.075
0.031,-0.496,0.864,-4.456,0.854,-1.16
0.039,-0.507,0.866,-2.563,1.16,-1.099
0.04,-0.501,0.876,-0.488,0.305,-0.977
0.035,-0.496,0.88,0.671,-1.038,0.732
0.023,-0.485,0.884,1.709,-1.77,2.319
0.006,-0.469,0.887,2.563,-1.465,2.869
-0.005,-0.463,0.891,2.319,-0.122,2.869
-0.011,-0.46,0.882,2.258,1.648,2.319
0.765,-0.974,1.188,30.945,142.151,-410.95
0.675,-0.972,1.245,-1.953,89.355,-349.304
0.583,-0.976,1.196,-43.518,54.138,-281.677
0.474,-0.91,1.076,-65.796,41.26,-223.083
0.368,-0.78,0.946,-66.589,43.945,-176.27
0.265,-0.659,0.8,-57.8,46.875,-135.254
0.179,-0.594,0.679,-48.096,43.396,-99.06
0.115,-0.562,0.587,-35.828,33.752,-71.655
0.087,-0.562,0.544,-21.179,22.4,-51.514
0.105,-0.597,0.514,-6.775,11.475,-33.875
0.174,-0.69,0.515,8.911,-0.122,-15.625
0.255,-0.762,0.546,26.062,-13.855,7.69
0.329,-0.835,0.586,43.518,-27.466,38.879
0.507,-0.958,0.675,60.242,-36.133,78.186
0.639,-1.009,0.759,73.547,-43.884,124.817
0.659,-1.001,0.749,83.984,-52.917,180.908
0.59,-0.959,0.699,95.703,-59.57,241.455
0.484,-0.897,0.622,110.962,-63.721,297.119
0.341,-0.832,0.533,130.798,-69.092,341.309
0.2,-0.777,0.477,151.733,-73.853,370.972
0.132,-0.76,0.505,171.814,-79.285,388.672
0.118,-0.822,0.576,184.204,-98.389,393.677
0.177,-0.9,0.692,176.819,-128.174,395.386
0.162,-0.922,0.799,146.851,-166.87,403.87
0.084,-0.947,0.831,103.21,-209.656,421.265
-0.059,-0.945,0.867,56.824,-251.953,446.716
-0.268,-0.964,0.885,18.555,-282.837,469.666
-0.476,-0.946,0.865,12.146,-280.701,475.464
-0.661,-0.841,0.875,31.677,-233.582,458.496
-0.791,-0.686,0.928,63.293,-158.325,427.917
-0.781,-0.557,0.98,91.675,-84.534,399.048
-0.762,-0.488,1.043,102.783,-36.133,369.08
-0.738,-0.421,1.073,96.619,-22.156,334.778
-0.697,-0.426,1.089,73.425,-30.579,299.622
-0.672,-0.428,1.113,42.236,-51.27,259.399
-0.682,-0.431,1.126,17.029,-74.707,215.027
-0.684,-0.427,1.134,-0.61,-88.318,171.265
-0.684,-0.395,1.153,-13.184,-89.966,131.226
-0.682,-0.353,1.151,-23.254,-83.862,97.534
-0.686,-0.336,1.124,-31.128,-70.923,67.566
-0.68,-0.321,1.092,-34.119,-53.833,37.17
-0.657,-0.31,1.071,-35.889,-38.269,5.798
-0.638,-0.334,1.048,-40.039,-28.137,-26.611
-0.658,-0.362,1.046,-41.077,-22.4,-61.89
-0.706,-0.34,1.102,-38.513,-13.367,-101.379
-0.711,-0.315,1.115,-36.804,7.324,-143.921
-0.729,-0.37,1.117,-42.725,38.513,-184.143
-0.75,-0.391,1.081,-43.701,66.162,-223.022
-0.783,-0.345,1.073,-40.527,87.646,-265.808
-0.792,-0.305,1.055,-43.884,109.07,-310.425
-0.768,-0.287,0.947,-52.185,128.784,-352.844
-0.801,-0.317,0.857,-62.988,141.296,-388.794
-0.817,-0.38,0.762,-75.134,146.423,-425.842
-0.791,-0.479,0.622,-81.909,152.71,-470.276
-0.797,-0.569,0.529,-81.238,161.438,-513.062
-0.738,-0.696,0.451,-71.594,171.265,-551.636
-0.404,-0.983,0.522,-66.467,180.603,-577.209
-0.058,-1.222,0.736,-73.242,166.382,-574.036
0.269,-1.228,0.947,-76.416,119.934,-543.335
0.343,-1.188,1.036,-76.965,70.679,-499.756
0.33,-1.184,0.966,-70.068,54.688,-444.214
0.296,-1.158,0.86,-53.528,72.632,-382.202
0.23,-1.088,0.78,-34.424,99.182,-326.355
0.257,-1.034,0.703,-18.188,118.958,-279.968
0.253,-0.947,0.672,-12.329,109.314,-248.901
0.209,-0.872,0.673,-18.005,68.542,-223.877
0.173,-0.846,0.676,-29.175,25.269,-196.899
0.179,-0.826,0.678,-31.555,0.122,-170.105
0.248,-0.807,0.709,-22.461,-6.531,-141.357
0.41,-0.842,0.791,-9.46,-8.545,-104.126
0.555,-0.871,0.862,1.282,-16.235,-55.359
0.619,-0.884,0.897,8.728,-28.809,3.54
0.556,-0.869,0.858,15.198,-39.734,69.275
0.509,-0.864,0.815,24.841,-42.358,135.376
0.458,-0.869,0.783,40.039,-39.612,197.571
0.366,-0.853,0.732,61.646,-37.72,249.146
0.283,-0.814,0.671,86.426,-40.1,289.551
0.162,-0.789,0.605,110.046,-44.678,320.374
0.085,-0.793,0.597,133.423,-49.744,344.91
0.004,-0.772,0.616,152.1,-63.904,363.708
-0.044,-0.768,0.638,157.776,-85.938,374.329
-0.028,-0.81,0.716,149.292,-110.107,380.737
-0.01,-0.845,0.816,126.343,-135.498,387.024
0.002,-0.902,0.904,88.501,-161.499,397.949
-0.039,-0.964,0.975,43.518,-185.486,412.231
-0.141,-0.995,0.949,14.526,-205.627,419.556
-0.249,-0.95,0.957,-0.427,-209.656,414.917
-0.371,-0.826,0.969,-10.803,-194.763,402.405
-0.468,-0.725,0.91,-14.282,-169.25,387.817
-0.52,-0.656,0.849,-6.775,-131.897,369.446
-0.538,-0.553,0.841,8.545,-87.952,346.497
-0.529,-0.44,0.868,18.494,-52.673,323.608
-0.541,-0.368,0.88,19.775,-38.635,299.011
-0.511,-0.362,0.9,10.01,-39.124,269.836
-0.493,-0.353,0.934,-5.371,-48.035,232.91
-0.483,-0.323,0.974,-21.851,-62.927,193.97
-0.463,-0.346,1.001,-38.635,-75.5,155.09
-0.459,-0.349,1.015,-46.753,-81.299,117.065
-0.408,-0.348,1.02,-45.41,-79.346,88.562
-0.357,-0.375,0.998,-37.415,-69.58,63.599
-0.317,-0.349,0.969,-24.841,-54.077,40.405
-0.263,-0.353,0.943,-14.343,-38.452,23.193
-0.174,-0.406,0.922,-8.24,-28.015,10.437
-0.136,-0.417,0.909,-3.479,-23.743,2.93
-0.108,-0.424,0.908,-1.831,-21.851,3.052
-0.1,-0.425,0.905,-2.686,-18.555,5.554
-0.113,-0.429,0.904,-1.892,-14.038,6.958
-0.118,-0.431,0.911,-1.587,-9.033,7.507
-0.118,-0.423,0.917,-2.563,-6.104,6.531
-0.103,-0.43,0.915,-3.54,-5.493,2.38
-0.097,-0.426,0.903,-3.418,-4.639,-4.333
-0.086,-0.419,0.894,-1.526,-2.686,-11.719
-0.08,-0.416,0.885,2.136,-0.732,-19.165
-0.065,-0.415,0.881,6.104,1.343,-25.208
-0.024,-0.436,0.882,7.263,2.991,-28.503
0.031,-0.468,0.894,4.639,2.014,-28.809
0.068,-0.482,0.895,0.122,-1.77,-26.123
0.081,-0.493,0.896,-3.113,-4.456,-20.386
0.091,-0.497,0.891,-5.005,-3.662,-11.902
-1.116,-0.189,1.375,19.47,69.214,-216.736
-1.242,-0.119,1.221,14.221,93.079,-314.026
-1.201,-0.058,1.088,-7.812,107.91,-411.255
-1.168,-0.079,0.968,-48.523,105.652,-502.869
-1.135,-0.245,0.887,-95.642,96.558,-578.979
-1.088,-0.403,0.841,-131.104,91.553,-637.451
-1.002,-0.523,0.775,-150.879,94.91,-674.5
-0.985,-0.642,0.717,-160.461,113.098,-684.57
-1.005,-0.806,0.67,-145.874,146.484,-668.213
-0.842,-0.969,0.479,-96.252,183.289,-639.465
-0.492,-0.996,0.439,-37.292,213.684,-610.291
-0.024,-1.093,0.507,14.771,242.798,-578.857
0.424,-1.191,0.65,43.945,245.3,-534.79
0.567,-1.212,0.76,44.434,187.256,-487.671
0.561,-1.252,0.866,24.536,95.703,-431.946
0.523,-1.355,0.902,3.235,30.762,-362.061
0.51,-1.418,0.849,2.319,12.817,-291.077
0.507,-1.391,0.788,19.409,16.968,-223.999
0.427,-1.372,0.697,33.508,18.86,-157.593
0.347,-1.436,0.596,38.33,11.169,-93.323
0.355,-1.503,0.518,40.649,-2.869,-36.011
0.491,-1.565,0.516,42.48,-18.311,18.433
0.604,-1.614,0.557,43.823,-33.691,83.618
0.653,-1.628,0.614,45.654,-47.119,160.706
0.625,-1.548,0.609,51.636,-53.04,242.737
0.527,-1.379,0.566,59.57,-52.917,319.519
0.416,-1.168,0.482,67.383,-55.115,383.667
0.283,-0.972,0.416,77.393,-62.561,434.143
0.177,-0.873,0.382,95.154,-76.477,470.215
0.148,-0.867,0.41,120.239,-95.642,493.469
0.062,-0.868,0.438,142.761,-122.437,511.902
-0.066,-0.873,0.475,154.175,-161.316,527.832
-0.172,-0.908,0.53,157.043,-206.36,544.739
-0.395,-0.922,0.515,149.048,-248.779,562.622
-0.536,-0.91,0.59,130.371,-279.419,577.576
-0.746,-0.885,0.685,118.958,-302.49,579.102
-0.938,-0.817,0.84,110.229,-301.453,559.082
-1.035,-0.778,1.039,101.196,-261.78,526.978
-1.071,-0.712,1.237,99.243,-196.899,485.596
-1.08,-0.597,1.372,93.811,-131.836,436.218
-1.092,-0.498,1.429,80.75,-77.881,380.676
-1.048,-0.437,1.411,61.218,-42.786,316.162
-1,-0.419,1.363,39.673,-27.344,240.234
-0.896,-0.415,1.323,13.245,-27.405,169.189
-0.775,-0.46,1.28,-19.043,-44.617,108.093
-0.701,-0.472,1.213,-48.767,-72.876,53.101
-0.666,-0.469,1.148,-68.359,-94.91,5.554
-0.617,-0.448,1.093,-76.599,-99.548,-35.522
-0.575,-0.437,1.057,-77.576,-89.05,-72.876
-0.55,-0.432,1.052,-73.73,-72.632,-100.098
-0.537,-0.416,1.079,-68.97,-55.542,-117.615
-0.58,-0.393,1.165,-68.542,-36.682,-132.812
-0.599,-0.381,1.177,-74.524,-11.658,-152.527
-0.587,-0.37,1.088,-80.505,18.982,-174.255
-0.58,-0.357,1.018,-83.313,42.358,-191.833
-0.593,-0.35,1.006,-87.036,49.438,-208.008
-0.63,-0.353,0.992,-86.609,50.659,-231.201
-0.652,-0.305,0.96,-74.646,62.378,-267.151
-0.675,-0.251,0.893,-60.852,83.13,-307.068
-0.645,-0.231,0.805,-56.519,106.873,-337.891
-0.688,-0.291,0.752,-55.054,129.517,-362.061
-0.677,-0.328,0.665,-42.297,148.56,-391.479
-0.51,-0.476,0.592,-30.701,167.603,-424.5
-0.264,-0.659,0.654,-33.203,169.617,-443.359
-0.099,-0.81,0.791,-46.326,148.682,-450.073
0.001,-0.877,0.88,-60.364,124.084,-444.763
0.018,-0.91,0.888,-71.777,115.479,-422.791
0.02,-0.913,0.775,-69.336,121.643,-393.127
0.002,-0.857,0.676,-54.932,131.409,-367.187
-0.034,-0.813,0.603,-34.668,142.578,-346.069
-0.019,-0.768,0.523,-10.559,154.48,-333.374
0.067,-0.737,0.491,6.409,152.893,-329.773
0.165,-0.749,0.524,9.46,122.253,-332.214
0.231,-0.744,0.611,1.892,65.369,-335.999
0.293,-0.804,0.701,-9.827,5.676,-328.918
0.481,-0.97,0.815,-14.221,-36.926,-304.626
0.721,-1.128,0.975,-8.423,-59.814,-254.456
0.809,-1.226,1.057,2.991,-64.026,-176.88
0.844,-1.305,1.054,15.442,-49.5,-79.285
0.815,-1.308,1.024,19.897,-28.687,23.987
0.579,-1.195,0.934,17.822,-19.592,117.004
0.332,-1.05,0.801,19.592,-14.465,191.284
0.141,-0.902,0.635,33.447,-9.399,239.197
-0.015,-0.729,0.497,58.777,-13.611,261.353
-0.094,-0.578,0.431,86.365,-27.161,266.541
-0.127,-0.487,0.43,107.971,-43.701,261.414
-0.112,-0.49,0.489,125.488,-61.218,252.808
-0.064,-0.558,0.598,136.902,-77.759,247.559
0.027,-0.653,0.729,142.029,-94.299,248.352
0.131,-0.755,0.848,136.536,-110.229,260.742
0.172,-0.844,0.933,120.789,-125.244,282.166
0.176,-0.891,0.976,102.539,-140.259,311.035
0.128,-0.888,0.963,84.29,-155.884,341.125
-0.002,-0.849,0.921,63.232,-172.668,366.577
-0.169,-0.803,0.847,46.57,-189.27,384.277
-0.32,-0.735,0.779,41.687,-196.045,389.16
-0.453,-0.67,0.743,47.791,-187.561,381.287
-0.541,-0.606,0.745,59.448,-165.649,362.488
-0.572,-0.549,0.788,70.984,-137.695,337.097
-0.542,-0.527,0.844,76.721,-109.07,309.448
-0.479,-0.531,0.923,71.594,-87.952,280.823
-0.438,-0.542,0.985,52.917,-81.177,253.052
-0.423,-0.505,1.044,24.658,-85.938,227.295
-0.439,-0.468,1.089,-3.906,-91.125,201.782
-0.458,-0.453,1.095,-23.132,-88.44,176.025
-0.47,-0.451,1.073,-31.494,-76.294,149.719
-0.394,-0.448,1.02,-32.288,-57.434,121.033
-0.401,-0.423,0.962,-29.236,-41.565,85.022
-0.334,-0.39,0.904,-28.137,-32.654,63.049
-0.273,-0.411,0.843,-29.968,-28.076,48.34
-0.23,-0.432,0.8,-27.405,-28.198,30.823
-0.186,-0.443,0.79,-22.034,-32.776,15.137
-0.14,-0.448,0.806,-19.409,-40.1,1.526
-0.128,-0.445,0.826,-19.714,-48.767,-10.864
-0.098,-0.463,0.853,-20.569,-52.856,-19.043
-0.083,-0.488,0.863,-16.541,-47.852,-21.79
-0.075,-0.497,0.866,-7.202,-35.339,-19.958
-0.064,-0.5,0.876,2.625,-18.86,-13.489
-0.053,-0.512,0.882,8.362,-3.357,-5.31
1.159,-1.61,1.009,42.419,103.577,-402.222
1.233,-1.784,1.183,17.639,27.405,-300.293
1.083,-1.863,1.143,-0.732,-11.841,-179.993
0.817,-1.796,0.988,0.244,4.15,-66.101
0.551,-1.603,0.789,14.221,39.124,25.757
0.313,-1.384,0.634,22.034,58.167,89.294
0.185,-1.193,0.521,18.25,51.636,124.207
0.162,-1.03,0.448,12.146,29.785,137.207
0.222,-0.911,0.392,11.108,6.348,140.198
0.372,-0.821,0.348,19.409,-16.724,148.437
0.521,-0.792,0.344,36.865,-39.001,169.678
0.627,-0.812,0.379,69.397,-63.599,212.708
0.716,-0.871,0.447,104.309,-85.449,272.827
0.702,-0.927,0.49,131.592,-103.821,339.539
0.609,-0.961,0.504,150.085,-126.282,403.198
0.454,-1.007,0.509,162.537,-158.63,456.909
0.292,-1.012,0.498,173.462,-199.646,499.695
0.052,-1.001,0.438,181.274,-241.821,531.494
-0.252,-0.989,0.336,184.509,-280.09,552.856
-0.468,-0.946,0.308,192.81,-298.767,559.937
-0.647,-0.895,0.399,207.825,-288.696,558.35
-0.695,-0.906,0.617,218.445,-250.427,554.443
-0.75,-0.942,0.859,223.145,-210.388,540.344
-0.754,-0.953,1.112,212.891,-179.871,513.55
-0.827,-0.863,1.317,187.012,-162.17,474.915
-0.931,-0.754,1.448,153.992,-143.494,424.622
-1.001,-0.673,1.519,120.361,-112.244,365.479
-1.033,-0.609,1.508,91.003,-73.425,302.307
-1.024,-0.572,1.419,61.584,-40.649,238.525
-0.92,-0.555,1.325,31.433,-25.33,178.345
-0.993,-0.527,1.252,7.69,-29.602,111.145
-0.933,-0.454,1.219,-14.404,-40.466,52.856
-0.907,-0.44,1.155,-36.621,-49.5,-3.418
-0.861,-0.437,1.104,-53.528,-52.979,-56.335
-0.836,-0.438,1.112,-63.171,-48.279,-101.807
-0.864,-0.443,1.159,-63.477,-31.25,-141.479
-0.898,-0.457,1.24,-59.387,1.526,-178.833
-0.976,-0.432,1.352,-58.044,47.852,-218.384
-0.991,-0.42,1.399,-69.214,98.816,-264.771
-1.042,-0.422,1.293,-91.736,139.526,-318.726
-1.081,-0.432,1.206,-119.141,158.203,-372.925
-1.108,-0.449,1.119,-145.142,156.555,-433.838
-1.107,-0.522,0.931,-165.649,155.701,-504.639
-1.093,-0.579,0.667,-170.227,164.429,-574.158
-1.035,-0.594,0.461,-158.325,175.842,-628.113
-0.964,-0.663,0.332,-140.015,184.509,-663.147
-0.886,-0.816,0.234,-122.131,191.162,-680.542
-0.785,-1.114,0.318,-107.91,199.951,-682.922
-0.412,-1.394,0.467,-90.271,201.782,-669.128
-0.09,-1.476,0.649,-78.491,193.237,-643.25
0.189,-1.569,0.686,-71.35,180.42,-604.431
0.706,-1.767,0.849,-71.228,165.039,-543.518
1.154,-1.825,1.208,-82.031,127.625,-467.285
1.026,-1.764,1.248,-89.05,71.838,-370.422
0.774,-1.684,1.163,-81.543,54.565,-250
0.436,-1.49,0.935,-60.425,82.703,-140.564
0.122,-1.211,0.711,-37.537,105.652,-62.5
-0.08,-0.985,0.5,-32.288,93.75,-18.066
-0.189,-0.834,0.362,-39.185,59.875,-9.827
-0.152,-0.768,0.316,-43.701,29.053,-19.348
-0.018,-0.784,0.338,-37.659,9.338,-25.635
0.171,-0.79,0.399,-16.785,-3.357,-16.663
0.32,-0.746,0.475,13.672,-14.099,9.766
0.401,-0.7,0.549,43.762,-21.973,50.415
0.445,-0.662,0.615,75.134,-28.076,94.177
0.526,-0.671,0.678,104.309,-36.316,138.489
0.539,-0.661,0.726,128.235,-50.598,186.096
0.506,-0.666,0.728,145.691,-68.42,235.779
0.472,-0.697,0.731,161.316,-86.487,284.302
0.402,-0.723,0.712,177.429,-106.323,328.491
0.257,-0.731,0.692,189.453,-126.465,365.479
0.093,-0.756,0.671,199.951,-145.508,393.799
-0.057,-0.775,0.627,204.834,-159.668,408.508
-0.111,-0.764,0.639,198.547,-169.067,409.851
-0.202,-0.744,0.644,189.697,-194.824,404.114
-0.265,-0.752,0.659,168.396,-225.891,400.085
-0.319,-0.777,0.69,132.751,-250.305,397.949
-0.362,-0.836,0.746,94.666,-266.418,394.836
-0.377,-0.847,0.839,60.974,-269.226,390.991
-0.434,-0.854,0.934,37.17,-258.057,382.446
-0.51,-0.856,0.964,34.302,-233.704,367.371
-0.524,-0.782,1.003,42.725,-193.542,341.675
-0.577,-0.704,1.045,55.42,-149.963,302.368
-0.58,-0.604,1.074,56.03,-109.863,268.188
-0.561,-0.561,1.076,42.175,-79.529,241.943
-0.556,-0.558,1.054,24.231,-63.354,212.097
-0.54,-0.54,1.037,6.226,-57.983,177.124
-0.517,-0.538,1.019,-12.146,-57.617,139.893
-0.469,-0.545,1.003,-29.114,-59.204,103.699
-0.416,-0.542,1,-42.603,-61.523,71.96
-0.36,-0.545,0.992,-52.368,-62.317,46.143
-0.317,-0.543,0.977,-58.533,-58.105,27.222
-0.289,-0.531,0.948,-56.213,-49.133,12.268
-0.246,-0.495,0.917,-46.936,-36.926,1.831
-0.206,-0.483,0.886,-39.001,-23.804,-3.723
-0.161,-0.497,0.866,-32.41,-13.489,-5.981
-0.13,-0.485,0.85,-25.391,-8.057,-5.798
-0.115,-0.482,0.836,-20.874,-5.615,-5.066
-0.098,-0.486,0.826,-18.982,-3.113,-4.15
-0.101,-0.495,0.818,-17.517,-0.977,-4.089
-0.095,-0.507,0.812,-14.954,0.793,-5.493
-0.083,-0.51,0.814,-10.925,2.319,-10.01
-0.078,-0.504,0.81,-4.517,2.075,-17.334
-0.072,-0.504,0.821,0.549,2.38,-26.367
-0.051,-0.52,0.84,3.174,4.639,-36.438
-0.02,-0.526,0.853,4.761,6.287,-44.617
0.011,-0.545,0.856,1.465,6.165,-47.302
0.038,-0.576,0.856,-3.601,3.906,-46.021
0.063,-0.594,0.857,-7.568,0.061,-42.358
0.076,-0.604,0.858,-10.315,-3.052,-37.415
0.092,-0.607,0.847,-11.475,-3.967,-30.273
0.095,-0.604,0.838,-10.742,-2.014,-21.667
0.095,-0.599,0.819,-7.507,2.93,-10.986
0.085,-0.59,0.808,-3.296,9.338,0.122
0.063,-0.586,0.795,2.38,14.221,9.888
0.043,-0.581,0.79,7.629,15.564,15.503
0.022,-0.574,0.8,11.597,13.916,16.724
0,-0.571,0.818,13.245,9.705,14.771
-0.014,-0.571,0.842,12.939,4.517,10.681
-1.189,-0.252,1.417,-89.661,41.138,-191.04
-1.336,-0.211,1.328,-120.117,42.419,-276.55
-1.384,-0.159,1.261,-143.005,50.964,-360.352
-1.464,-0.134,1.155,-158.02,68.542,-432.617
-1.479,-0.105,1.044,-153.137,106.384,-491.638
-1.496,-0.149,0.932,-141.113,146.179,-538.513
-1.524,-0.216,0.791,-130.127,169.739,-585.022
-1.574,-0.336,0.723,-129.211,181.335,-639.526
-1.537,-0.531,0.608,-143.921,182.861,-699.646
-1.432,-0.867,0.385,-175.049,175.842,-759.399
-1.226,-1.331,0.202,-196.411,157.349,-807.434
-0.796,-1.764,0.137,-192.2,123.84,-832.336
-0.174,-2.162,0.198,-165.833,71.594,-826.965
0.661,-2.496,0.393,-105.652,11.597,-774.17
1.396,-2.554,0.727,-26.123,-24.841,-653.931
1.588,-2.496,0.934,53.772,-14.954,-461.731
1.436,-2.395,0.987,122.986,42.114,-228.943
0.974,-2.173,1.041,175.659,107.971,-26.062
0.397,-1.822,1.059,204.651,138.55,102.478
-0.066,-1.428,1.041,196.838,132.751,153.442
-0.32,-1.125,0.984,143.127,103.638,144.287
-0.329,-0.901,0.858,67.688,62.622,103.943
-0.168,-0.788,0.72,-2.686,24.17,57.678
0.022,-0.737,0.609,-49.316,-0.061,29.785
0.225,-0.726,0.541,-60.303,-11.353,32.654
0.383,-0.703,0.53,-40.1,-13.55,63.354
0.456,-0.654,0.59,-3.235,-10.437,113.586
0.46,-0.626,0.664,35.4,-6.836,173.462
0.448,-0.619,0.752,69.153,-8.118,230.469
0.459,-0.651,0.829,93.201,-15.869,284.363
0.466,-0.711,0.863,108.032,-28.259,336.731
0.435,-0.743,0.857,121.094,-43.64,384.705
0.357,-0.761,0.811,133.179,-61.707,425.72
0.23,-0.758,0.749,145.935,-85.815,459.045
0.102,-0.783,0.7,158.203,-117.065,485.229
0.026,-0.833,0.654,165.283,-154.968,500.977
-0.099,-0.771,0.547,161.987,-203.247,510.01
-0.331,-0.748,0.443,145.691,-253.479,519.348
-0.451,-0.75,0.434,119.873,-289.307,532.166
-0.558,-0.72,0.494,96.252,-299.377,538.635
-0.665,-0.728,0.673,82.275,-282.349,535.767
-0.812,-0.779,0.838,86.182,-253.54,512.451
-0.859,-0.779,1.031,105.713,-204.712,479.126
-0.861,-0.69,1.238,125.244,-138.55,440.857
-0.871,-0.592,1.391,131.836,-71.045,398.376
-0.849,-0.526,1.456,124.146,-20.691,350.83
-0.894,-0.471,1.453,106.812,1.953,290.1
-0.901,-0.412,1.427,77.515,1.77,224.365
-0.924,-0.372,1.38,40.649,-12.329,156.555
-0.943,-0.337,1.319,7.568,-31.982,88.562
-0.927,-0.29,1.28,-22.278,-47.485,22.766
-0.926,-0.268,1.242,-45.593,-58.716,-42.847
-0.889,-0.237,1.237,-63.049,-65.491,-105.408
-0.818,-0.233,1.206,-79.285,-65.308,-158.936
-0.824,-0.251,1.196,-92.59,-55.054,-202.087
-0.818,-0.271,1.197,-97.29,-29.663,-239.99
-0.779,-0.328,1.161,-94.788,14.038,-278.137
-0.824,-0.318,1.109,-82.336,66.162,-312.378
-0.843,-0.277,1.074,-71.655,108.093,-344.543
-0.828,-0.234,0.987,-74.768,136.353,-381.409
-0.796,-0.262,0.844,-88.074,153.564,-415.527
-0.692,-0.344,0.787,-100.525,151.855,-447.083
-0.6,-0.413,0.798,-115.417,125.977,-479.065
-0.59,-0.5,0.751,-131.104,95.581,-510.315
-0.603,-0.589,0.655,-136.047,82.458,-537.903
-0.576,-0.635,0.566,-128.54,90.027,-558.777
-0.531,-0.791,0.496,-116.577,109.436,-568.726
-0.394,-1.016,0.48,-103.821,125.122,-560.974
-0.202,-1.137,0.586,-85.022,127.258,-540.771
-0.123,-1.213,0.639,-60.791,126.953,-519.775
0.142,-1.344,0.693,-36.56,132.935,-492.554
0.486,-1.4,0.932,-40.71,120.972,-460.815
0.591,-1.411,1.128,-69.763,70.679,-426.392
0.649,-1.399,1.202,-101.746,10.559,-382.385
0.668,-1.319,1.124,-116.333,-18.005,-321.106
0.677,-1.177,1.009,-107.727,-5.249,-242.249
0.644,-0.984,0.901,-81.238,24.414,-152.954
0.514,-0.765,0.827,-47.791,45.532,-64.27
0.344,-0.564,0.781,-18.86,51.514,12.573
0.146,-0.402,0.726,7.507,45.532,70.557
0.005,-0.284,0.688,31.555,36.621,106.567
-0.054,-0.197,0.672,54.626,28.137,123.779
-0.036,-0.165,0.698,76.294,13.123,130.31
0.026,-0.178,0.727,92.834,-8.423,133.545
0.098,-0.195,0.727,108.093,-29.907,141.052
0.195,-0.263,0.733,126.282,-46.692,157.166
0.309,-0.355,0.738,149.353,-60.791,184.692
0.365,-0.462,0.742,173.828,-76.355,222.473
0.393,-0.598,0.729,196.411,-92.773,269.104
0.388,-0.733,0.719,217.224,-108.337,321.045
0.292,-0.867,0.702,232.788,-123.474,371.155
0.166,-0.955,0.682,238.281,-136.658,411.255
0.053,-0.967,0.668,230.835,-158.02,438.416
-0.101,-0.958,0.648,213.44,-189.087,450.806
-0.2,-1.015,0.658,190.308,-213.745,454.346
-0.294,-1.091,0.745,168.884,-226.257,448.425
-0.407,-1.13,0.898,154.785,-226.685,428.04
-0.398,-1.052,1.07,141.541,-206.36,397.034
-0.395,-0.926,1.139,123.23,-173.523,368.896
-0.451,-0.833,1.121,96.008,-146.24,348.45
-0.479,-0.719,1.042,69.153,-129.456,330.017
-0.514,-0.607,0.979,45.654,-116.699,304.443
-0.536,-0.545,0.953,22.156,-101.868,270.996
-0.542,-0.516,0.953,0.061,-86.548,234.497
-0.531,-0.468,0.937,-14.038,-76.233,199.097
-0.504,-0.452,0.916,-25.696,-71.167,164.978
-0.491,-0.451,0.886,-30.273,-67.444,131.653
-0.457,-0.434,0.872,-27.1,-63.538,101.013
-0.395,-0.437,0.889,-23.376,-56.335,74.768
-0.319,-0.448,0.919,-22.827,-49.377,54.626
-0.269,-0.464,0.926,-23.621,-46.448,39.246
-0.223,-0.478,0.916,-23.743,-45.532,28.442
-0.201,-0.507,0.918,-24.536,-43.518,17.395
-0.196,-0.5,0.925,-24.17,-44.983,7.996
-0.175,-0.512,0.897,-26.672,-48.096,5.92
-0.186,-0.502,0.844,-28.503,-47.485,-0.549
-0.212,-0.477,0.826,-25.085,-43.518,-12.085
-0.214,-0.476,0.809,-21.729,-36.621,-22.705
-0.198,-0.491,0.797,-19.043,-27.466,-28.381
-0.823,-0.429,1.497,-64.514,35.828,-102.722
-0.884,-0.423,1.457,-101.501,41.016,-162.231
-0.938,-0.407,1.354,-133.728,50.11,-225.281
-0.955,-0.357,1.229,-153.503,61.401,-282.043
-0.911,-0.297,1.109,-164.001,72.754,-332.031
-0.898,-0.243,0.98,-164.246,85.754,-371.765
-0.871,-0.227,0.853,-150.085,106.934,-400.269
-0.841,-0.278,0.806,-133.911,131.287,-419.189
-0.811,-0.354,0.77,-121.582,148.437,-442.871
-0.815,-0.458,0.7,-113.831,158.752,-479.126
-0.869,-0.55,0.562,-111.389,168.579,-523.804
-0.818,-0.653,0.361,-104.309,173.218,-579.224
-0.712,-0.813,0.243,-90.759,167.053,-633.179
-0.604,-0.946,0.244,-73.853,148.926,-666.077
-0.196,-1.278,0.312,-61.462,124.207,-672.363
0.335,-1.493,0.619,-53.284,84.961,-642.273
0.604,-1.578,0.792,-34.973,40.161,-579.468
0.702,-1.65,0.807,-1.099,24.78,-480.469
0.712,-1.675,0.784,29.114,47.852,-361.389
0.664,-1.626,0.797,58.044,82.825,-254.395
0.589,-1.525,0.819,71.106,100.647,-171.997
0.504,-1.463,0.807,65.552,85.327,-111.816
0.441,-1.404,0.791,50.964,48.035,-68.298
0.391,-1.321,0.762,36.499,13.794,-29.968
0.356,-1.234,0.708,26.672,-0.549,10.925
0.395,-1.181,0.672,24.17,-0.305,56.335
0.516,-1.147,0.67,26.367,-1.343,103.21
0.587,-1.093,0.667,31.494,-10.864,154.968
0.587,-1.029,0.638,38.025,-25.269,214.478
0.514,-0.998,0.612,52.795,-39.856,275.94
0.398,-0.942,0.594,77.881,-49.072,333.557
0.323,-0.909,0.589,103.76,-52.673,382.202
0.255,-0.878,0.561,125.732,-60.12,420.959
0.208,-0.914,0.576,143.982,-83.557,448.73
0.154,-0.953,0.602,154.785,-126.587,466.614
0.072,-0.955,0.61,145.081,-180.664,482.3
-0.047,-0.969,0.542,118.286,-237.671,500.793
-0.206,-0.983,0.473,82.825,-293.213,526.123
-0.415,-0.93,0.434,56.274,-327.026,550.659
-0.583,-0.914,0.484,51.514,-318.481,570.801
-0.645,-0.928,0.652,60.73,-263.184,584.839
-0.737,-0.92,0.839,82.52,-191.528,584.595
-0.792,-0.902,1.029,104.065,-130.859,564.88
-0.862,-0.846,1.137,125.671,-83.984,525.879
-0.929,-0.673,1.23,143.127,-48.767,461.914
-0.971,-0.525,1.313,141.541,-27.466,385.254
-0.989,-0.417,1.328,121.826,-21.729,308.716
-0.953,-0.389,1.318,90.942,-22.4,231.506
-0.984,-0.408,1.323,58.96,-26.672,155.09
-0.931,-0.4,1.344,24.048,-39.307,82.275
-0.936,-0.35,1.314,-12.207,-64.88,3.967
-0.858,-0.31,1.245,-46.387,-85.876,-54.932
-0.785,-0.321,1.168,-72.693,-91.431,-94.36
-0.768,-0.345,1.164,-84.229,-80.75,-117.859
-0.799,-0.369,1.267,-86.365,-59.814,-135.925
-0.81,-0.364,1.284,-88.013,-32.227,-160.278
-0.895,-0.352,1.336,-93.811,1.953,-193.115
-0.917,-0.29,1.369,-99.487,37.109,-239.868
-0.931,-0.275,1.335,-119.141,70.374,-295.532
-0.924,-0.297,1.141,-150.269,94.543,-346.802
-1.016,-0.319,1,-170.959,108.643,-398.193
-1.025,-0.321,0.879,-173.828,109.192,-460.083
-0.984,-0.251,0.686,-164.734,109.009,-538.696
-0.923,-0.289,0.538,-163.208,113.953,-607.727
-0.886,-0.444,0.37,-158.508,117.31,-652.771
-0.785,-0.6,0.235,-131.592,122.925,-677.307
-0.737,-0.763,0.165,-93.018,138.306,-681.885
-0.707,-0.99,0.102,-45.288,158.508,-663.757
-0.317,-1.278,0.22,11.23,172.729,-628.967
0.196,-1.417,0.525,54.443,173.767,-582.275
0.585,-1.519,0.704,83.862,170.837,-513
0.986,-1.577,0.933,94.666,150.085,-428.345
1.195,-1.581,1.173,80.383,100.403,-340.698
1.123,-1.591,1.228,51.453,36.133,-242.249
0.872,-1.578,1.167,24.353,1.77,-137.207
0.537,-1.464,0.98,17.7,10.437,-47.607
0.251,-1.266,0.805,27.527,33.325,15.686
0.022,-1.067,0.648,28.992,43.701,51.758
-0.092,-0.911,0.541,17.517,33.569,64.575
-0.096,-0.819,0.481,3.113,12.634,61.096
-0.004,-0.785,0.475,-4.395,-5.493,53.101
0.185,-0.768,0.509,1.16,-22.095,53.284
0.378,-0.79,0.584,15.686,-40.955,71.472
0.522,-0.807,0.663,32.471,-57.8,110.657
0.592,-0.818,0.708,49.805,-70.068,165.833
0.607,-0.824,0.712,66.772,-79.712,230.225
0.559,-0.838,0.719,81.482,-85.754,294.556
0.469,-0.867,0.694,97.717,-89.783,352.417
0.418,-0.967,0.649,118.774,-99.548,396.484
0.356,-1.05,0.646,144.836,-120.239,427.917
0.243,-1.033,0.655,163.452,-148.315,450.623
0.06,-1.026,0.552,170.288,-196.045,470.276
-0.145,-1.016,0.464,162.17,-252.197,487.732
-0.342,-0.983,0.46,139.648,-294.617,501.343
-0.506,-0.939,0.559,115.112,-308.716,506.714
-0.63,-0.888,0.672,99.792,-292.786,502.563
-0.71,-0.854,0.849,96.68,-251.282,487.549
-0.769,-0.785,1.015,101.013,-193.848,458.801
-0.733,-0.712,1.178,97.229,-128.479,422.058
-0.705,-0.63,1.261,88.257,-72.998,380.493
-0.689,-0.583,1.278,69.702,-35.278,331.909
-0.666,-0.552,1.255,42.786,-19.348,276.611
-0.628,-0.515,1.196,14.404,-24.353,216.919
-0.59,-0.504,1.12,-14.709,-42.664,155.579
-0.514,-0.523,1.051,-39.429,-63.354,100.891
-0.43,-0.512,1.014,-55.054,-79.041,56.641
-0.355,-0.494,0.965,-60.974,-86.121,21.057
-0.297,-0.467,0.927,-59.998,-82.581,-5.31
-0.245,-0.443,0.893,-55.542,-71.533,-17.578
-0.199,-0.442,0.853,-46.997,-57.983,-20.569
-0.161,-0.425,0.839,-35.095,-44.922,-19.043
-0.153,-0.399,0.847,-24.353,-33.142,-15.93
-0.147,-0.402,0.856,-17.578,-23.315,-11.169
-0.144,-0.414,0.868,-17.334,-17.151,-7.507
-0.151,-0.424,0.871,-18.921,-14.343,-6.653
-0.163,-0.431,0.878,-21.667,-12.817,-9.46
-0.161,-0.438,0.866,-23.437,-12.695,-15.625
-0.127,-0.451,0.831,-22.583,-12.39,-23.376
-0.103,-0.459,0.799,-16.418,-8.728,-29.053